MAE TTNE minutes,MAE RRT minutes,DL sim,mean_abs_gap_IB,mean_abs_gap_CB,mean_signed_gap_IB,mean_signed_gap_CB,signed_bias_rrt_IB,signed_bias_rrt_CB,signed_bias_ttne_sum_IB,signed_bias_ttne_sum_CB,mae_ttne_sum_IB,mae_ttne_sum_CB,mae_rrt_IB,mae_rrt_CB,error_correlation_IB,mean_abs_gap_CB_raw,mean_signed_gap_CB_raw,signed_bias_rrt_CB_raw,signed_bias_ttne_sum_CB_raw,mae_ttne_sum_CB_raw,mae_rrt_CB_raw,error_correlation_IB_raw,frac_neg_ttne_step_preds,frac_neg_rrt_preds,Multi-Class Accuracy,Macro-F1,Weighted-F1,Macro-Precision,Macro-Recall,CE,outcome_head_accuracy_IB,outcome_head_accuracy_CB,outcome_suffix_accuracy_IB,outcome_suffix_accuracy_CB,outcome_head_vs_suffix_agreement_IB,outcome_disagreement_rate_IB,outcome_disagreement_rate_CB,outcome_head_macro_f1_IB,outcome_suffix_macro_f1_IB,frac_suffix_no_determining_act,num_outcome_instances_evaluated,config,seed
996.7524251370729,6939.001377759033,0.7739093061340152,82301.78125,76281.64993673556,-65122.99609375,-59645.83382539013,-29025.958984375,-15208.452129902995,-94148.96875,-74854.27583298186,475602.625,421202.5980598903,468312.65625,416340.08266554197,0.9847322702407837,77693.32096161957,-59943.996625896245,-16264.966680725433,-76208.95824546604,421368.81990721216,417396.5820328975,0.9845781922340393,0.18033599746870424,0.0882003903388977,0.7844462724666303,0.6855120269793876,0.7714581093621415,0.7279803677288118,0.6698858460000704,0.5319614807258493,0.7415184378623962,0.7844462724754512,0.7390350699424744,0.7802724526439756,0.9532449245452881,0.04675505682826042,0.04234256298931794,0.6455053168555394,0.6496663064736893,0.0009341727127321064,172345.0,SUTRAN_DA_results_subset_0.5_ltn_0.1_detach_rrt_multiclass_outcome,101
990.6805004920568,6950.036496555603,0.7625457493377004,82955.53125,76544.79628848587,-58056.66796875,-54829.15225643189,-60711.92578125,-45077.05440742303,-118768.59375,-99906.1999156474,482136.125,428718.94053142134,465725.8125,417002.18979333615,0.9830178618431091,77763.21214677351,-58715.83635596795,-46160.06748207507,-104875.89034162801,428562.43610291014,418085.2231126107,0.983073353767395,0.320633464771132,0.0926581397652626,0.7873240932923566,0.6822261299284383,0.7719914900931116,0.7409436373487659,0.6657872922163496,0.5216465134023355,0.7477849721908569,0.7873241254478504,0.7320491075515747,0.7609001273055997,0.8311874270439148,0.168812558054924,0.15400640726595674,0.6421749539919089,0.644256984914568,0.0015782297123223543,172345.0,SUTRAN_DA_results_subset_0.5_ltn_0.1_detach_rrt_multiclass_outcome,102
967.0713341768592,6930.205764093913,0.7725581406843104,167820.40625,153065.83888654577,-153935.078125,-138598.39730071698,-72651.3984375,-55406.05314213412,-226586.5,-194004.4740615774,493424.84375,441362.5980598903,464702.59375,415812.34584563476,0.9661178588867188,156262.05989034162,-138885.46604808097,-57275.47870097005,-196160.95824546606,441602.8342471531,417681.7342893294,0.9656903743743896,0.25524633072260083,0.12788154184818268,0.7832496632293287,0.6911985035000657,0.7726868257779566,0.7241935395741397,0.6768341260664128,0.5281628392051486,0.7406423091888428,0.7832496724057856,0.7372537851333618,0.7778580521828556,0.9419362545013428,0.05806376785039902,0.053017252215407706,0.6527651775587991,0.6524822857936057,0.0008761495701037347,172345.0,SUTRAN_DA_results_subset_0.5_ltn_0.1_detach_ttne_multiclass_outcome,101
962.8385210178546,6932.811471952763,0.7694886206373893,158692.1875,145445.8574441164,-144926.46875,-131206.3298186419,-75557.8515625,-58089.43399409532,-220484.3125,-189295.75031632223,494649.40625,441962.18979333615,464568.875,415968.68831716577,0.9710975885391235,147820.9970476592,-133327.07549557148,-59019.134542387175,-192346.21003795866,442670.88654576126,416898.3753690426,0.970789909362793,0.2772593917280299,0.09327210485935211,0.7862792625838211,0.6847184929255054,0.7719063357496703,0.7375822770365836,0.6679297332595261,0.5250299603569533,0.7442397475242615,0.786279296875,0.7368475794792175,0.7736310501260616,0.890498697757721,0.10950128734111786,0.09899995645899681,0.6429566064299145,0.6548955966478182,0.0028141229413449764,172345.0,SUTRAN_DA_results_subset_0.5_ltn_0.1_detach_ttne_multiclass_outcome,102
1003.0822437789961,6932.567186840995,0.772786990342287,72908.328125,68299.83635596794,-51840.2578125,-47701.648249683676,-44903.2734375,-29590.9945170814,-96743.5390625,-77292.64614086883,476022.0625,422551.8616617461,466695.4375,415954.0312104597,0.9857838749885559,69491.82623365668,-47450.95571488823,-30739.944327288064,-78190.90004217629,422383.12948123156,417103.0080134964,0.9857667684555054,0.1091793515156734,0.10152202844619751,0.7830652127988181,0.6901100765878524,0.7722106133804754,0.7239900226162707,0.6756220773976951,0.527994480659501,0.7405262589454651,0.7830652451565817,0.7378804087638855,0.7795511751924098,0.9548347592353821,0.04516522213816643,0.040122700749941946,0.6516314141327749,0.6516445642443655,0.0009573819697834551,172345.0,SUTRAN_DA_results_subset_0.5_ltn_0.1_multiclass_outcome,101
981.2966680725433,6926.469956417826,0.7709465654325707,80898.625,74578.95571488823,-57951.0,-53437.88781105019,-59486.875,-43229.40868831716,-117437.8828125,-96667.28975115984,477637.90625,423855.8043019823,465122.9375,415588.19738506956,0.9853917956352234,75352.09110080135,-57097.11682834247,-43650.77351328553,-100747.8835934205,423818.2572754112,416009.5824546605,0.9854846596717834,0.3058237825648995,0.05102156475186348,0.7867024925607357,0.6862789546082898,0.7726831667963301,0.7378359052497488,0.6694430242903165,0.5236147740843949,0.7448141574859619,0.7867024739583334,0.7404160499572754,0.7783175134355096,0.9121935367584229,0.08780643343925476,0.07972522257746152,0.6449982708083278,0.6569134543586218,0.001868345425464213,172345.0,SUTRAN_DA_results_subset_0.5_ltn_0.1_multiclass_outcome,102
1015.9225080837901,6931.374553634191,0.7720535387725379,45740.4453125,44129.04597216364,-25674.07421875,-25272.60396457191,-29595.314453125,-16219.836355967946,-55269.39453125,-41492.4369464361,470060.15625,416971.5259384226,466650.9375,415882.4732180515,0.9889823794364929,46018.1054407423,-25788.86545761282,-18290.184732180514,-44079.04850274146,416500.3121045972,417952.7962884859,0.9889268279075623,0.2040777091773489,0.1318749338388443,0.7838187955984542,0.6893539482889759,0.7723874856035736,0.725632599777179,0.6744222093797269,0.5272550611232749,0.7415533065795898,0.7838188673533705,0.7384548187255859,0.7802974887208068,0.9586468935012817,0.041353099048137665,0.03681551534405686,0.6506380633299159,0.6514716954503296,0.0008587426273152232,172345.0,SUTRAN_DA_results_subset_0.5_ltn_0.25_detach_rrt_multiclass_outcome,101
1022.2770701532405,6957.335807676086,0.7633470063066744,59298.4140625,55088.19232391396,-19424.150390625,-20452.177140447067,-52815.80859375,-38476.29523407845,-72239.9609375,-58928.46562631801,474318.65625,422586.38549135387,466008.65625,417440.14846056513,0.9854680895805359,55592.3711514129,-20887.937579080557,-39938.44959932518,-60826.38549135386,422049.57908055675,418902.2960776044,0.9856449365615845,0.12340827757740579,0.09839542210102081,0.7874932236384692,0.6834954646613212,0.77243184966485,0.7420470272049972,0.6668705363912291,0.5218363314424098,0.7476050853729248,0.7874932615114119,0.7324146628379822,0.762707130772293,0.8421828150749207,0.15781717002391815,0.14349113836916136,0.6428186953637879,0.6459768447293728,0.001874147797934711,172345.0,SUTRAN_DA_results_subset_0.5_ltn_0.25_detach_rrt_multiclass_outcome,102
966.5044847462393,6953.800196822719,0.7732846932992409,128674.7109375,117920.91775622101,-115817.09375,-104674.76001687052,-102644.0,-81886.42766765079,-218461.09375,-186561.1876845213,491063.4375,438845.57064529735,465527.71875,417228.01180936315,0.978771448135376,122154.20328975115,-105810.44285111767,-84140.20075917334,-189950.65035849853,439672.73892872204,419481.7781526782,0.9783837199211121,0.3345427746926498,0.13529562950134277,0.7831023858421863,0.6914777664470001,0.7726710506223736,0.7239655168029319,0.6772378130881594,0.5288895592821126,0.740352213382721,0.783102358678344,0.7382633686065674,0.7792756228436837,0.9482375383377075,0.051762454211711884,0.04706718623005408,0.6529125779938818,0.6534769459115054,0.0008297310560010374,172345.0,SUTRAN_DA_results_subset_0.5_ltn_0.25_detach_ttne_multiclass_outcome,101
957.149332208632,6951.344749051033,0.7727986773776887,128205.578125,117539.59004639393,-117122.6796875,-106685.59763812738,-94065.8203125,-75232.18894981021,-211188.515625,-181917.7865879376,487956.9375,436351.6221003796,464742.28125,417080.684943062,0.9791016578674316,121125.42555883594,-108347.45845634754,-76819.46183045128,-185166.9000421763,437187.0231969633,418667.91733445803,0.9787309169769287,0.3582368243452976,0.13056960701942444,0.7855107204619145,0.6734013271734535,0.7677670481971416,0.7428498311494618,0.6574558795957106,0.5354107575305201,0.7444776296615601,0.7855106944997347,0.7439264059066772,0.7840418594911094,0.9597145318984985,0.04028547555208206,0.03611529242967091,0.6316040441948626,0.6360334794909739,0.0016536598559468985,172345.0,SUTRAN_DA_results_subset_0.5_ltn_0.25_detach_ttne_multiclass_outcome,102
1014.0321102207225,6926.42721777028,0.7719025340375896,38901.5546875,38193.68705187685,-11275.8330078125,-12821.782370307887,-56401.34765625,-39222.98439477014,-67677.1796875,-52044.75748629271,471171.96875,417922.99620413326,467134.4375,415585.6330662168,0.9901987314224243,39940.4301982286,-11969.298186419232,-41596.2479966259,-53565.54365246731,417460.4740615774,417958.9236609026,0.9900766015052795,0.12250029538459074,0.13930967450141907,0.783485311840935,0.6910301733782994,0.7727099594643778,0.7248657583450296,0.6764847032751843,0.5276312761246019,0.7412283420562744,0.7834853640027867,0.7384258508682251,0.77990852242569,0.9572891592979431,0.042710840702056885,0.03827214980074808,0.6529412322200511,0.6520265777027381,0.0008819518843665719,172345.0,SUTRAN_DA_results_subset_0.5_ltn_0.25_multiclass_outcome,101
990.3302685224238,6933.025165190496,0.7679243598593684,53646.32421875,50543.25769717419,-15433.2626953125,-16436.82496836778,-73601.203125,-55067.77562210038,-89034.484375,-71504.58709405315,475236.5,421674.7836355968,465675.96875,415981.5099114298,0.9886768460273743,49100.2547448334,-22183.072121467736,-55561.51159848165,-77744.58034584564,421231.4803880219,416475.23576549976,0.9891399145126343,0.3291353342051351,0.061825405806303024,0.7873742405779793,0.6820789498163508,0.7718693771992835,0.7398484164154433,0.6654224194193428,0.5224798052680467,0.7458179593086243,0.7873742494360403,0.7337723970413208,0.7656156697850318,0.8419217467308044,0.15807826817035675,0.14421805282560377,0.6402986848893696,0.6503293037714767,0.0015260088257491589,172345.0,SUTRAN_DA_results_subset_0.5_ltn_0.25_multiclass_outcome,102
1016.0145086461409,6940.26059327991,0.7732496836777731,31715.810546875,31435.768873892874,-7184.77294921875,-9105.846478279207,-63286.46484375,-46128.41838886546,-70471.234375,-55234.260649514974,468139.78125,416205.6583719949,466199.03125,416415.6355967946,0.9905885457992554,31085.78658793758,-11562.028679881907,-47100.29523407845,-58662.31632222691,415704.61746098695,417387.5124420076,0.9908202290534973,0.21525626365527917,0.1024455651640892,0.7853403047309077,0.6796536618790018,0.7699428558753313,0.7328115605360717,0.6635239782255214,0.5288261656548567,0.7433519959449768,0.7853402625729831,0.7392555475234985,0.7795498274946921,0.9408164024353027,0.05918361246585846,0.05420642050967854,0.6393292000306144,0.6472630527657048,0.0005918361712247133,172345.0,SUTRAN_DA_results_subset_0.5_ltn_0.5_detach_rrt_multiclass_outcome,101
1002.2066638549135,6918.525966540138,0.7675326124920919,42302.0390625,40402.79713201181,-18537.326171875,-18720.681568958247,-52270.81640625,-37188.62589624631,-70808.1328125,-55909.2973428933,470504.5,417625.9671024884,465350.21875,415111.5579924083,0.9893124103546143,40716.1602699283,-28448.688317165754,-39066.85786587938,-67515.53268663012,417128.62420919444,416989.8000843526,0.9898499250411987,0.39483247187838566,0.12109173089265823,0.7878017723007541,0.6889321786058146,0.7741202870077508,0.7403769548505142,0.6717543950680683,0.521925383160828,0.746543288230896,0.7878017806196922,0.7362441420555115,0.7698171692542463,0.8752908706665039,0.12470915913581848,0.1138488251185974,0.6475776877986309,0.6500821498177924,0.0018567407969385386,172345.0,SUTRAN_DA_results_subset_0.5_ltn_0.5_detach_rrt_multiclass_outcome,102
967.5265007732321,6977.546239280191,0.7735010836507539,100547.1328125,93895.767186841,-87329.5390625,-80848.31716575284,-115931.328125,-92257.6533108393,-203260.859375,-173105.95023196965,488215.46875,435421.9890341628,468474.75,418652.7743568115,0.9818590879440308,97062.73471109237,-83598.69759595107,-93094.95065373261,-176693.63475326865,436143.12948123156,419490.0919443273,0.9817705750465393,0.34930920057915404,0.08971726149320602,0.7840346832113436,0.6842161949717438,0.7708042403363843,0.7274249393908083,0.6686202273425307,0.5337403380440552,0.7413212060928345,0.784034758160828,0.7387333512306213,0.7778362816812633,0.9319446682929993,0.06805535405874252,0.06301084222813827,0.6441071382484364,0.6496769108323632,0.0007891148561611772,172345.0,SUTRAN_DA_results_subset_0.5_ltn_0.5_detach_ttne_multiclass_outcome,101
964.2709405314214,6970.66936594967,0.7730396259489667,97094.8125,89654.62673977225,-86236.6796875,-79438.30619991565,-116523.609375,-94231.80767608604,-202760.3125,-173670.11387600168,485063.78125,433112.15858287644,466926.09375,418240.1619569802,0.9833700656890869,93905.44411640658,-83167.12273302404,-96040.94812315478,-179208.07085617882,433864.44875579927,420049.3024040489,0.9828115105628967,0.4285191319097465,0.12762872874736786,0.787004310301224,0.6802832546443666,0.7711928605842325,0.7384432034023547,0.6639797402988413,0.5266867473626592,0.7455568909645081,0.7870043582470807,0.7430038452148438,0.7843880623009554,0.9538773894309998,0.04612260311841965,0.04208103511996583,0.6389163898095633,0.6528101447978897,0.0023615423124283552,172345.0,SUTRAN_DA_results_subset_0.5_ltn_0.5_detach_ttne_multiclass_outcome,102
1011.6463939266133,6935.203036693378,0.770731359230019,27588.603515625,28120.05398566006,-240.26565551757812,-2981.8509067903838,-72430.546875,-52990.44116406579,-72670.8203125,-55972.29185997469,470574.40625,417282.3753690426,467884.46875,416112.18220160267,0.9915826320648193,29352.674820750737,-3684.517081400253,-55389.49304091101,-59074.017714044705,416831.86503584986,418511.25094896666,0.9916709661483765,0.1643155388315587,0.1402280479669571,0.7845629716199041,0.6930836344306414,0.7740390605343572,0.7266669319648392,0.6783738385232619,0.5243309199177283,0.7431837320327759,0.7845630038316083,0.738031268119812,0.7779465855559978,0.942197322845459,0.05780266225337982,0.05261368802145535,0.6553688918710813,0.6545565546101885,0.000852940313052386,172345.0,SUTRAN_DA_results_subset_0.5_ltn_0.5_multiclass_outcome,101
991.0113876001687,6947.852776606214,0.7703768353279207,32434.505859375,31991.308308730495,-9258.634765625,-10251.373260227752,-93377.703125,-72063.95951075495,-102636.328125,-82315.31674398988,472889.5625,419227.9915647406,467306.59375,416871.16659637284,0.9909737706184387,30942.48165331084,-16533.376634331507,-73208.17207929144,-89741.55040067482,418848.49936735554,418015.39266132435,0.9912505149841309,0.32292765180264704,0.09100712090730667,0.7878039838653651,0.6841515017687995,0.7727067990796547,0.7416482700605126,0.6672014336735369,0.5203651638800425,0.7466534972190857,0.7878039576698513,0.7392091155052185,0.777002730642914,0.9125068783760071,0.08749310672283173,0.07900514379934646,0.6427280722043501,0.6555635259979661,0.002274507423862815,172345.0,SUTRAN_DA_results_subset_0.5_ltn_0.5_multiclass_outcome,102
1058.7709264726557,6963.159960635457,0.7670649251370729,24711.607421875,25511.65921552088,-607.9795532226562,-3925.802614930409,-26850.1015625,-13760.1822016027,-27458.080078125,-17685.97891185154,470817.9375,417337.54871362296,468385.5625,417789.5976381274,0.9854609370231628,24608.423450021088,-8746.645297342893,-14339.399409531843,-23086.04301982286,416563.31336988613,418368.8367777309,0.9855197668075562,0.22583483695771894,0.07367144525051117,0.7862777024192266,0.6916710900389961,0.7744065040482317,0.7314702033905887,0.6758385979110307,0.5206609316945329,0.7444776296615601,0.786277741839172,0.7373813986778259,0.7771719703755308,0.9330934882164001,0.06690649688243866,0.060636159973792465,0.6527469654780348,0.6521829549341381,0.0005802314844913781,172345.0,SUTRAN_DA_results_subset_0.5_ltn_1.0_detach_rrt_multiclass_outcome,101
1022.5183185716294,6944.250133558274,0.765170389768294,25088.21875,25169.029101644875,1659.6943359375,-1557.0153943483763,-49254.125,-34693.72922817377,-47594.43359375,-36250.74314635175,467532.4375,415730.15267819486,466182.1875,416655.0080134964,0.9916441440582275,23682.446225221425,-5111.201180936314,-36430.576128215944,-41541.77309152256,415682.1864192324,418391.83466891607,0.9918175935745239,0.22895529980034005,0.12635435163974762,0.7891592664816202,0.6903700614819247,0.775421437022458,0.7416017108431987,0.6729777064332846,0.5207216817608811,0.7480461001396179,0.7891592750630307,0.7349270582199097,0.765459025842622,0.8425715565681458,0.15742841362953186,0.14483930259753186,0.649386761403642,0.6468172641504654,0.0004989990848116577,172345.0,SUTRAN_DA_results_subset_0.5_ltn_1.0_detach_rrt_multiclass_outcome,102
965.8659918459159,7039.001265288908,0.7745993560700918,72972.625,68405.63475326866,-55944.29296875,-52980.87557992408,-147536.953125,-120262.57275411219,-203481.234375,-173243.438211725,486565.4375,433988.77773091523,472136.21875,422340.07591733447,0.9874130487442017,70520.65795023197,-55076.42682412484,-121216.31041754533,-176292.72374525518,434612.9329396879,423293.8135807676,0.9874023199081421,0.3502231905941536,0.10029924660921097,0.7843130479178331,0.6815319739619398,0.7700073472690103,0.7291727373390664,0.6656781896670813,0.5326059394075107,0.7417157292366028,0.784313057739517,0.7410426735877991,0.7809152526207537,0.9482201337814331,0.0517798587679863,0.04795367975903165,0.6413971035043823,0.6471808712392014,0.0007252893992699683,172345.0,SUTRAN_DA_results_subset_0.5_ltn_1.0_detach_ttne_multiclass_outcome,101
957.6495993251792,7039.8204976803045,0.771658444897327,72766.8984375,68547.36735554619,-57333.5078125,-54613.712357655,-150547.484375,-124058.50695908899,-207881.0,-178672.20919443274,488545.9375,436209.2619148039,471537.0,422389.22986081825,0.9877306818962097,70641.49135385914,-58284.63264445381,-124644.14339940953,-182928.78954027838,437108.9329396879,422974.8932939688,0.987725555896759,0.4456922913633551,0.07074089348316193,0.7850507790379138,0.6735874550449371,0.7680821259332207,0.7345873434886032,0.6584033477786274,0.5323412204750531,0.7443732023239136,0.7850507667363322,0.737172544002533,0.77366241001526,0.912634551525116,0.08736545592546463,0.07924384827826433,0.6324285712734646,0.6359285273520452,0.0017406945116817951,172345.0,SUTRAN_DA_results_subset_0.5_ltn_1.0_detach_ttne_multiclass_outcome,102
1011.8567130605933,6972.746464220441,0.7711840130417018,19480.580078125,20458.837621256855,694.9692993164062,-2232.6045972163643,-91933.53125,-69701.81695487136,-91238.5546875,-71934.41417123577,470570.25,416631.11935892026,469955.96875,418364.7878532265,0.9922900795936584,17803.922395613667,-9913.960354280895,-70371.25263601856,-80285.20624209194,416972.63264445384,419034.2640236187,0.9924216270446777,0.325933164980805,0.10209988802671432,0.7860090980644664,0.686385255578556,0.7724651353908308,0.7327875604568693,0.6700709012348707,0.5261391674130839,0.7437813878059387,0.7860091353171443,0.7378572225570679,0.7768969363720807,0.9232121706008911,0.07678783684968948,0.07125584952643975,0.6464491066898231,0.6515259448230619,0.0006208477425388992,172345.0,SUTRAN_DA_results_subset_0.5_ltn_1.0_multiclass_outcome,101
995.8175734570505,6983.242176296921,0.7667234783582877,19117.6484375,20104.104597216363,2025.0634765625,-1008.6265288907634,-107203.7109375,-84197.26360185575,-105178.65625,-85205.87768873892,471589.78125,418603.6204133277,470248.5625,418994.53057781525,0.9928051829338074,18949.65162378743,-3892.7477857444114,-85474.31463517503,-89367.05187684522,418715.96457191056,420271.5883593421,0.9928396940231323,0.1863850733655219,0.12474460899829865,0.7894702018378894,0.6923583841764561,0.7763271168919815,0.7407470009071778,0.6751254645362151,0.5209079750530785,0.7491253018379211,0.7894701785595807,0.7389306426048279,0.7736863575670117,0.895314633846283,0.10468536615371704,0.09618403926776473,0.6523545800499359,0.653445259416298,0.00078331254189834,172345.0,SUTRAN_DA_results_subset_0.5_ltn_1.0_multiclass_outcome,102
963.932292984676,6927.177618445101,0.7729247120149726,217791.015625,197738.75664276676,-204695.1875,-184156.09953606073,-22340.140625,-10339.522564318853,-227035.328125,-194495.60860396456,492843.84375,440695.9561366512,466832.59375,415630.65710670606,0.9419335126876831,201726.3534373682,-185154.22690847743,-12405.38506959089,-197559.5917334458,441334.3905525095,417696.49936735554,0.9412122964859009,0.33021754324130015,0.13480032980442047,0.7837560398519593,0.6922132761612843,0.7732606071063116,0.7253112275070513,0.6777501315924962,0.5279693927481423,0.7411239147186279,0.7837559920713907,0.7380080819129944,0.7789697991308386,0.947784960269928,0.052215032279491425,0.04758082428302481,0.6536436769578894,0.6534445423469023,0.0009109634556807578,172345.0,SUTRAN_DA_results_subset_0.5_multiclass_outcome,101
971.0009278785323,6936.006973147758,0.7679840821548134,196178.46875,180046.2522142556,-182497.953125,-165695.79755377478,-28099.515625,-15570.506959088993,-210597.4375,-181266.287642345,493536.0,441597.4356811472,466376.625,416160.4183888655,0.9547624588012695,180638.39392661324,-166177.05272037114,-15905.405314213413,-182082.44285111767,441521.5048502741,416495.3184310417,0.9545742869377136,0.10353400126965309,0.046630892902612686,0.7863218589333629,0.6852087534903037,0.7720269986851679,0.738106357395024,0.6683092663700697,0.5249461957603503,0.7442165613174438,0.7863218530221603,0.7333256006240845,0.767661889596603,0.8646551966667175,0.13534480333328247,0.12280523539095674,0.6434790802912219,0.6514624492078015,0.0028083205688744783,172345.0,SUTRAN_DA_results_subset_0.5_multiclass_outcome,102
