epoch,composite training loss,activity training loss (cross entropy),time till next event training loss (MAE),TTNE - standardized MAE validation,TTNE - minutes MAE validation,Activity suffix: 1-DL (validation),(complete) remaining runtime training loss (MAE),RRT - standardized MAE validation,RRT - mintues MAE validation,Outcome Prediction (MCO) training loss (CE),Multi-Class Outcome - CE validation,Multi-Class Outcome - Accuracy,Multi-Class Outcome - Macro-F1 score,Multi-Class Outcome - Weighted-F1 score,Multi-Class Outcome - Macro-Precision,Multi-Class Outcome - Weighted-Precision,Multi-Class Outcome - Macro-Recall,Multi-Class Outcome - Weighted-Recall,ltn_ax2_term,ltn_ax2_contrib,ltn_ax2_residual_mass,ltn_ax2_min_survival
0,3.2004607363918125,1.071812641999778,0.33153274080016204,0.271477023509592,1501.5873077545734,0.6417322293133803,0.5834488588324666,0.5048186648175692,8656.593686255463,0.768792220165391,0.648109410097438,0.7320770308585013,0.5423615428453461,0.689006408268753,0.8105321952684806,0.768614202344148,0.573375963197261,0.7320770308585013,0.4448742736902463,0.4448742736902463,0.26883225431720886,4.743643785332097e-06
1,2.195971596787667,0.4185196229163006,0.2628202177253524,0.2679882373782024,1506.5558037882467,0.6983412547618686,0.5102256907910637,0.48550813738844706,8251.03292860612,0.6475349695989366,0.6148276122928302,0.7382316227941292,0.5881720697195105,0.7079159986529212,0.7318709998183968,0.7457244669583073,0.5980211893860768,0.7382316227941292,0.3568710935186352,0.3568710935186352,0.18471206419897326,1.982850861281804e-08
2,2.0684013836658917,0.34239628937470135,0.24878629142716085,0.26702910502481486,1503.4272948033026,0.7153206482971103,0.49440234253656934,0.47842622139084506,8180.085866925691,0.6325564481891118,0.6094782172967763,0.7405556342947884,0.6045200060538155,0.7147358187926782,0.721018929676918,0.7442983015937007,0.6082177993097574,0.7405556342947884,0.3502600173184858,0.3502600173184858,0.16627474590452643,4.77919797958748e-07
3,2.013411645794056,0.3130776884375945,0.23641685821865438,0.24375111458080378,1363.7089849441477,0.7298101987463574,0.488519167538578,0.4707337759721042,8050.162862230857,0.6274319007199192,0.6087018050517545,0.7415738296260976,0.6423972167439491,0.7275314979319106,0.6990584551797697,0.7445287893666668,0.6373872111372066,0.7415738296260976,0.34796603125404324,0.34796603125404324,0.16013294450123106,3.013945359953141e-08
4,1.9702863380224747,0.29563196078383713,0.2220535511867358,0.2314454162508727,1299.361243322001,0.7316298111947548,0.4838375508035781,0.4724232551830379,8080.5268576979115,0.6231493352741532,0.6069182386208414,0.7405940863260425,0.6413590739860545,0.7265843428937374,0.6976861587634291,0.7456053807517563,0.6372705365796991,0.7405940863260425,0.3456139381556116,0.3456139381556116,0.1559071120635204,2.853996363683109e-07
5,1.9346938621715681,0.28455049251399095,0.2057015456633984,0.22026547417587422,1232.9819653553504,0.735763364535272,0.48363080486302545,0.47075600830196696,8070.4414440667,0.618731238146329,0.612330121285363,0.7415654861610936,0.6437956111172599,0.7278731068943887,0.6995635806282793,0.746202874338058,0.639117685278584,0.7415654861610936,0.3420797835087635,0.3420797835087635,0.15268923477793234,1.0789598547944479e-07
6,1.9010063935313704,0.27692549995328547,0.1901790130299312,0.21942986464720435,1243.2598348712968,0.7371708192311195,0.4804410868098397,0.46957938447630826,8052.783681398737,0.6135946383269933,0.6054374468795531,0.7401004240801439,0.6502166582839956,0.7293847935865049,0.6912500903591625,0.7452553124962972,0.6460321077481445,0.7401004240801439,0.33986615120659214,0.33986615120659214,0.1492957584339486,1.502297131139585e-08
7,1.8823355276732756,0.2692415687371288,0.18463352373277647,0.2143425147124666,1186.309988667638,0.7353764627094463,0.4785687408062833,0.47380251928461936,8078.271264367816,0.6099019513283608,0.5966343928332929,0.7471523662245453,0.6614627241231288,0.7379271736548987,0.6971032060976201,0.7529954597464105,0.6573083176669331,0.7471523662245453,0.3399897434655026,0.3399897434655026,0.14637722753363072,2.7890030196431326e-07
8,1.8625932088088708,0.2614850396477788,0.18192820554081152,0.21347317132861826,1198.2147968269387,0.7413497858107698,0.4782101191227605,0.47072265980717276,8098.243160110085,0.6035493596638801,0.5990875377534605,0.7464514410066959,0.660986935843286,0.7372417421386676,0.6972535936287828,0.7549102966934466,0.6577305115238032,0.7464514410066959,0.33742048423847504,0.33742048423847504,0.14277875570018264,3.500928613675569e-08
9,1.8429567345677043,0.25601832090309384,0.17934491693664936,0.21086666779705712,1174.807446980735,0.7435614579855209,0.4761773883723296,0.46638465796123724,8023.306070908207,0.597173613336312,0.5933351150816537,0.7475364374044094,0.6641463404403347,0.7393190129969021,0.6944534783284332,0.7515395665209138,0.6599303754558076,0.7475364374044094,0.3342424950744273,0.3342424950744273,0.1401751262890781,4.104529338633256e-08
10,1.8308373438359717,0.2520880874070014,0.17727173972852836,0.20683599085759166,1159.2980411202848,0.7425977013075219,0.4747308718602686,0.46388663337785335,7957.480977820948,0.5946726611644558,0.5936563277835114,0.7474264688166687,0.6654640142959249,0.7395305224508533,0.6961231454342566,0.7547686002820554,0.6621887336933027,0.7474264688166687,0.33207398198941757,0.33207398198941757,0.1389202127100889,4.7724739715704345e-08
11,1.8243717954179945,0.24871978991439003,0.17541568584674033,0.20895419831759957,1163.5584911769467,0.7438907928985551,0.47521813070544827,0.46464540797451737,7973.178436134045,0.5935763232630386,0.5905312922117837,0.7493986697246238,0.6530297724172246,0.7368570021103883,0.7016188011603367,0.7490760332078181,0.6465983338219953,0.7493986697246238,0.33144186472398995,0.33144186472398995,0.1371032282566795,2.0860888128027e-08
12,1.8126743195148616,0.24557645697168698,0.17424866281030976,0.205916194906508,1163.6576979116076,0.7463257962375547,0.4735431363420374,0.4644037870135685,7973.033381900599,0.5898347056564495,0.5883762976566295,0.7486590007015275,0.6557698898259321,0.7373902970044307,0.6980093494011933,0.7507047289911631,0.6505980481256913,0.7486590007015275,0.32947135540331607,0.32947135540331607,0.13638388041472999,4.645279272352809e-09
13,1.807373012046842,0.2429108916390577,0.1740744240284407,0.20730977662852113,1174.233964707787,0.7457615100625303,0.47410007184867325,0.4656911278419439,7990.852776428687,0.5879169105822165,0.5923320516444572,0.7476446542282533,0.6617221781932999,0.7385265185375706,0.6968947390658945,0.7540312641363112,0.6578780428717229,0.7476446542282533,0.32837071340288637,0.32837071340288637,0.1347164361621942,1.5717176893303986e-08
14,1.801012242863164,0.24050284562819807,0.172525555253602,0.20468742885654445,1159.779698882953,0.7474235990430731,0.47332375906628266,0.4611723326895641,7924.915266310507,0.5858349188412788,0.5876617802179456,0.7478888569961231,0.6594717206925711,0.7380154136273707,0.6966080194830898,0.7479053599440908,0.6530022208931597,0.7478888569961231,0.32882516447608995,0.32882516447608995,0.13453752366748786,1.630400370267182e-09
15,1.797115557557027,0.23869342341490046,0.17151201530166807,0.20448981308717065,1152.8845717986078,0.7465349579969038,0.4718804126219637,0.4585046902508803,7878.769888295288,0.5868821723177235,0.5932374706888963,0.7482607966399507,0.6647292120507826,0.7398038115853715,0.6990228028079682,0.7556912884513103,0.6606903492478943,0.7482607966399507,0.3281475314815369,0.3281475314815369,0.13403517272896492,8.298868259259962e-09
16,1.7884895147303859,0.2364475033934829,0.17106511602012892,0.20541199530832624,1156.3094058604502,0.7479196467869719,0.4708997965211699,0.4644740708190414,7991.409163024121,0.5825993373945972,0.589417482128764,0.7481504170336495,0.6672785907358979,0.7406096532560942,0.6969092052475893,0.7534057052672832,0.6629086858447963,0.7481504170336495,0.32747776092156855,0.32747776092156855,0.13310889769676168,5.115236945130164e-08
17,1.7842380716603183,0.23479321279381155,0.16979634043755087,0.20320945321037215,1146.5441476444876,0.7468519020914279,0.47039212742765274,0.46171432724851263,7943.7930386919215,0.5817903905181137,0.585802861010351,0.7485825238577979,0.6484052818867486,0.7350659625562148,0.6990199408712364,0.7443895328407091,0.6412176755483593,0.7485825238577979,0.3274660019215042,0.3274660019215042,0.132610108802569,1.27719470555121e-08
18,1.7810352365293447,0.23395381425920675,0.16904632592320265,0.20352046868359944,1154.363347903513,0.7495349589454833,0.4703677500537514,0.46349232077540675,7969.692990124657,0.5814190918700934,0.5904363749848227,0.7497504583762914,0.6670659784803786,0.7414048804799611,0.7006318481433559,0.7525116624438448,0.6608733989478378,0.7497504583762914,0.3262482546490325,0.3262482546490325,0.13142797856773497,3.294247008511775e-08
19,1.7789671697912837,0.23264192238714568,0.1694150251176583,0.20510209145159208,1156.8997247854945,0.7483601433493201,0.47087540949237416,0.4622404923885988,7937.027812854137,0.5802628166929504,0.5917071156735673,0.7476476918324259,0.6562582802424292,0.7368603773594439,0.6973115835043032,0.7507844878223154,0.6512533181967144,0.7476476918324259,0.32577199806299434,0.32577199806299434,0.13148539256546976,7.626486109302277e-09
20,1.7769785739437363,0.23164454691067954,0.1691694907270945,0.20439888285803182,1148.4345151367977,0.7484340139706775,0.4712610880254641,0.46416047639555,7983.372640440343,0.5787434991691592,0.5953938288269488,0.7479180768445474,0.6590673081755644,0.7378795482276492,0.6979448943546602,0.7511317290630226,0.6537012531771528,0.7479180768445474,0.326159949926935,0.326159949926935,0.1313968797065538,3.922492108898723e-09
21,1.7715363377297417,0.2303437942187109,0.16826844457867582,0.20266264164662,1143.674793589121,0.7496646771794561,0.46875644570007124,0.46308938202897343,7947.958685446009,0.5783089371342983,0.5886035417109337,0.7473630618053662,0.6593056758451881,0.7378082996451827,0.6944210272776937,0.746809832452598,0.6529023755896728,0.7473630618053662,0.32585871682540907,0.32585871682540907,0.13101897585982755,9.403152922971003e-09
22,1.7727487974265623,0.22917897259739375,0.16843111062499547,0.20304048750341488,1146.8933139064272,0.7486609615939169,0.47119513890270653,0.4615735224927149,7932.42441314554,0.5783294363487401,0.5917831205985915,0.7486313290549482,0.6509245264761726,0.7358255645186323,0.7004921348332235,0.7496787259929741,0.6453064984165762,0.7486313290549482,0.32561414093660884,0.32561414093660884,0.13020982326575992,1.0592320354163576e-09
23,1.7691914537072888,0.2281674079861514,0.16825995686293177,0.2026574985676451,1147.2766715233931,0.7496432155703618,0.4704473116297341,0.4608662379720131,7929.504678646593,0.5767459872691236,0.5966348671229966,0.7489182680689889,0.654180080603612,0.7367514935559974,0.7032345169472837,0.7544766226177891,0.6495080210946805,0.7489182680689889,0.3255707893586723,0.3255707893586723,0.129970683550914,4.7712953588074924e-09
24,1.765314776516525,0.22735852599364414,0.16691056114880468,0.20391721202077767,1156.6621984782257,0.7496213982439898,0.46982912368763835,0.46442163216367166,7987.10157034159,0.5759857553305358,0.5951534232333657,0.7471394092264365,0.663610614782722,0.738921021892755,0.6958653578695889,0.7541062753695509,0.659949341564899,0.7471394092264365,0.32523081217997174,0.32523081217997174,0.12958059901338534,6.296482002454695e-09
25,1.7581429455054582,0.2259439590701161,0.16633613982386666,0.20166767077749362,1140.9976363930712,0.749857831661304,0.46831825421847534,0.4606273145337543,7915.000809454428,0.5740533667952704,0.5954362184692205,0.7485651081305759,0.6583469282830285,0.7379417363476646,0.701172780780872,0.7522001579002279,0.6525597212383333,0.7485651081305759,0.3234912269037856,0.3234912269037856,0.12918040481500725,3.6272294057226873e-09
26,1.757879230750383,0.22559065127072955,0.16686974839478202,0.20117125249476384,1140.628007123199,0.74992168291267,0.4681196929611398,0.4617205523008742,7946.016512870326,0.5734614438911867,0.5942168196409058,0.7476629801783032,0.6564589875370583,0.7369907820224398,0.6979127585369267,0.7516656518281442,0.6515166878759996,0.7476629801783032,0.32383769318549593,0.32383769318549593,0.12857109011211515,1.9597674177918023e-11
27,1.758773927064337,0.22539135756400916,0.16675622682996402,0.2047388892894002,1162.1882467217097,0.7499612268167193,0.46855683494689904,0.4631409313911486,7971.017128055691,0.5743181878733917,0.5948356491318602,0.7494946753303009,0.6595859406190182,0.7389220316257984,0.702582908792431,0.7542614828999828,0.6541318715005188,0.7494946753303009,0.32375131970679266,0.32375131970679266,0.12861325210456312,3.838390938426528e-09
28,1.7538031277042874,0.2245310232175525,0.16617671433373316,0.20303325458543287,1147.330548810102,0.7496276825825644,0.46831046970638296,0.4606453968287093,7925.721871458637,0.5712968387679588,0.5961710710789522,0.7481788459083367,0.6560763932844712,0.7369205150970264,0.7012132544192465,0.7523425601581365,0.6507179402059449,0.7481788459083367,0.3234880822297384,0.3234880822297384,0.12843001997043219,4.672137787764541e-09
29,1.7518405574842317,0.22380917304410383,0.16523435481509866,0.20182522388845464,1141.4747612109438,0.7497501086123421,0.4671475490962965,0.459811595529535,7903.890691274081,0.571565749751922,0.6014865543611887,0.7457697921646438,0.6629879890839964,0.7379431050673648,0.6930816226155531,0.7518316625748441,0.6593189610829664,0.7457697921646438,0.3240837325182187,0.3240837325182187,0.1284038451604942,8.6966406298572e-10
30,1.7485084312378303,0.22331077034568644,0.16473566789797248,0.20187546895394456,1145.5864011656145,0.7507289832746479,0.46629139060187624,0.46041732276742353,7917.683794722357,0.5706041355193014,0.591667512483305,0.7484118322878351,0.6588115192696052,0.7382833619247687,0.6975850525987323,0.7493987066138995,0.652603401630634,0.7484118322878351,0.32356646736345346,0.32356646736345346,0.12851414563872757,1.0899406710507265e-08
31,1.7509852454683486,0.22266743808279377,0.16636185050451543,0.20160759902220435,1141.3237493929091,0.7496844787745872,0.4693559421854612,0.46073195469964184,7911.613793103448,0.5700041823882676,0.5948326255349988,0.7487868838109575,0.6505964114529771,0.7357027606039,0.7027563609818243,0.7510453518538333,0.6450904571655166,0.7487868838109575,0.3225958304556869,0.3225958304556869,0.12752902174103983,3.363511069665037e-08
32,1.7486958763832172,0.22258407063782215,0.16607092742494048,0.20047941203254008,1134.8882629107982,0.7505078457002793,0.4681856426129327,0.4591603661231939,7901.3009551562245,0.5694861502645636,0.5906043921123725,0.7488608674449585,0.6587810582610921,0.7386060356470339,0.6976577779502543,0.7495846109051375,0.6526147987245537,0.7488608674449585,0.3223690862310003,0.3223690862310003,0.1277798118990069,9.223277253056494e-09
33,1.751486415870091,0.22228184857091607,0.16564624071584122,0.20194587133184344,1143.6469483568076,0.7514609308599441,0.4694714995442763,0.46424860535112616,7984.251254654363,0.5706649902965543,0.594804938873543,0.7478498058761448,0.656540224812569,0.737326509307004,0.6965098724045409,0.7493698836635447,0.6508200871670332,0.7478498058761448,0.3234218352821452,0.3234218352821452,0.12768974278904718,8.035621945623461e-09
34,1.7478859585946833,0.2212168954907966,0.16452323593551943,0.2005151467974062,1135.0079326533917,0.7504914827055003,0.4666610523926083,0.4601110501912336,7920.176137283471,0.5709767979983043,0.5958908251502549,0.7484119593638349,0.6500653614091895,0.7355049285806364,0.6999179508895929,0.7484102033956249,0.6440869651983675,0.7484119593638349,0.3245079763806783,0.3245079763806783,0.12778047826030903,2.212223959574544e-09
35,1.7425249341500582,0.22063469613444875,0.16516297596049379,0.20185004999013478,1142.1566456208516,0.7495857079437834,0.4675877199194135,0.46415383633969765,7989.603755868545,0.5667443195655502,0.5945457988366623,0.7484550686926642,0.6547079410699997,0.7369119441906947,0.6995653226507926,0.7514838052619544,0.6494778135290744,0.7484550686926642,0.3223952263505501,0.3223952263505501,0.12670254189322686,3.997343789308161e-09
36,1.7427808042814041,0.22010369375127659,0.16505685058483005,0.20311761886648555,1145.4612918892667,0.7514149247586814,0.46681700988545927,0.4652215513921351,7998.020009713453,0.5673936558501608,0.6038389127193116,0.7488534959505081,0.6580963827889569,0.7380817204344062,0.7018272704844324,0.7548530777737459,0.6532619308120671,0.7488534959505081,0.3234095926115499,0.3234095926115499,0.12725337910515494,1.0743868017470959e-08
37,1.742009450080832,0.22004814533042838,0.164808568489578,0.2003470555620902,1135.5517565161083,0.7507202089151287,0.46747817101298705,0.45964909201979115,7909.144244779019,0.5673609403287165,0.5969853672140603,0.7496792402410615,0.6581086817732947,0.7387415372944748,0.7022839016599499,0.7548407050472858,0.6530232815050387,0.7496792402410615,0.3223136253875388,0.3223136253875388,0.12672802964060087,8.940310713967392e-09
38,1.741709918400945,0.2197551782953845,0.16413366016463415,0.20159362229749728,1143.3204468188442,0.7511785506275801,0.4679801484580929,0.4617723684510078,7942.875052614539,0.5670756571567975,0.6012303786349563,0.7499215235725987,0.6642545835283671,0.7408760599716846,0.7011328432673339,0.756910717170333,0.6598176467384631,0.7499215235725987,0.32276527398436733,0.32276527398436733,0.12693743671692864,8.650755667360954e-09
39,1.7353011877579096,0.2193443911734241,0.1640634579010881,0.20157389481013235,1140.7673627974743,0.7506045415136292,0.46550281676491334,0.4631130075848409,7968.912805569047,0.565091337810254,0.5973675261428485,0.74840893907801,0.6555252560592514,0.7371663998873336,0.6998097591151606,0.7520183039433566,0.6502692945618422,0.74840893907801,0.3212991851497684,0.3212991851497684,0.1270647309059222,3.75524722429077e-09
